{"$schema":"http://schema.management.azure.com/schemas/2015-01-01/deploymentTemplate.json#","contentVersion":"1.0.0.0","parameters":{"NYC_Project_Warehouse":{"type":"string"}},"variables":{},"resources":[{"name":"presentation_process_nyc_taxi","type":"pipelines","apiVersion":"2018-06-01","properties":{"activities":[{"name":"Bronze layer","type":"RefreshDataflow","dependsOn":[],"policy":{"timeout":"0.12:00:00","retry":0,"retryIntervalInSeconds":30,"secureOutput":false,"secureInput":false},"typeProperties":{"dataflowId":"5ccf2a26-1560-4888-872a-2e4ff82873dd","workspaceId":"6425bdbf-5310-4f9e-8945-115a2c4a54da","notifyOption":"NoNotification"}},{"name":"Metatdata_Bronze_layer","type":"SqlServerStoredProcedure","dependsOn":[{"activity":"Bronze layer","dependencyConditions":["Succeeded"]}],"policy":{"timeout":"0.12:00:00","retry":0,"retryIntervalInSeconds":30,"secureOutput":false,"secureInput":false},"typeProperties":{"storedProcedureName":"[[metadata].[log_bronze_layer]","storedProcedureParameters":{"pipeline_id":{"value":{"value":"@pipeline().RunId","type":"Expression"},"type":"String"},"processed_date":{"value":{"value":"@pipeline().TriggerTime","type":"Expression"},"type":"Datetime"},"table_name":{"value":"bronze.nyc_taxi_yellow","type":"String"}}},"linkedService":{"name":"NYC_Project_Warehouse","properties":{"annotations":[],"type":"DataWarehouse","typeProperties":{"endpoint":"ebsoacafyvhevmsz47ho4rsm5a-x66skzaqkope7ckfcfncyssu3i.datawarehouse.fabric.microsoft.com","artifactId":"[parameters('NYC_Project_Warehouse')]","workspaceId":"6425bdbf-5310-4f9e-8945-115a2c4a54da"}}}}],"lastModifiedByObjectId":"821220ee-4f8f-45e7-a08e-35177556f4e9","lastPublishTime":"2025-03-04T15:00:36Z"},"dependsOn":[]}]}