{"$schema":"http://schema.management.azure.com/schemas/2015-01-01/deploymentTemplate.json#","contentVersion":"1.0.0.0","parameters":{"NYC_Project":{"type":"string"},"NYC_Project_Warehouse":{"type":"string"}},"variables":{},"resources":[{"name":"process_nyc_taxi","type":"pipelines","apiVersion":"2018-06-01","properties":{"activities":[{"name":"Copy nyctaxi_yellow","type":"Copy","dependsOn":[{"activity":"va_date","dependencyConditions":["Succeeded"]}],"policy":{"timeout":"0.12:00:00","retry":0,"retryIntervalInSeconds":30,"secureOutput":false,"secureInput":false},"typeProperties":{"source":{"type":"ParquetSource","storeSettings":{"type":"LakehouseReadSettings","recursive":true,"enablePartitionDiscovery":false},"formatSettings":{"type":"ParquetReadSettings"},"datasetSettings":{"annotations":[],"linkedService":{"name":"NYC_Project","properties":{"annotations":[],"type":"Lakehouse","typeProperties":{"workspaceId":"6425bdbf-5310-4f9e-8945-115a2c4a54da","artifactId":"[parameters('NYC_Project')]","rootFolder":"Files"}}},"type":"Parquet","typeProperties":{"location":{"type":"LakehouseLocation","fileName":{"value":"@concat('yellow_tripdata_', variables('va_date'), '.parquet')","type":"Expression"},"folderPath":"nyc_taxi_yellow/2023"},"compressionCodec":"snappy"},"schema":[]}},"sink":{"type":"DataWarehouseSink","preCopyScript":"drop table if exists stagging_schema.nyctaxi_yellow","allowCopyCommand":true,"copyCommandSettings":{},"tableOption":"autoCreate","disableMetricsCollection":false,"datasetSettings":{"annotations":[],"linkedService":{"name":"NYC_Project_Warehouse","properties":{"annotations":[],"type":"DataWarehouse","typeProperties":{"endpoint":"ebsoacafyvhevmsz47ho4rsm5a-x66skzaqkope7ckfcfncyssu3i.datawarehouse.fabric.microsoft.com","artifactId":"[parameters('NYC_Project_Warehouse')]","workspaceId":"6425bdbf-5310-4f9e-8945-115a2c4a54da"}}},"type":"DataWarehouseTable","schema":[],"typeProperties":{"schema":"stagging_schema","table":"nyctaxi_yellow"}}},"enableStaging":true,"translator":{"type":"TabularTranslator","typeConversion":true,"typeConversionSettings":{"allowDataTruncation":true,"treatBooleanAsNumber":false}}}},{"name":"delete_outlier_dates","type":"SqlServerStoredProcedure","dependsOn":[{"activity":"v_end_date","dependencyConditions":["Succeeded"]}],"policy":{"timeout":"0.12:00:00","retry":0,"retryIntervalInSeconds":30,"secureOutput":false,"secureInput":false},"typeProperties":{"storedProcedureName":"[[stagging_schema].[stg_process_dates]","storedProcedureParameters":{"end_date":{"value":{"value":"@variables('v_end_date')","type":"Expression"},"type":"Datetime"},"start_date":{"value":{"value":"@concat(variables('va_date'), '-01')","type":"Expression"},"type":"Datetime"}}},"linkedService":{"name":"NYC_Project_Warehouse","properties":{"annotations":[],"type":"DataWarehouse","typeProperties":{"endpoint":"ebsoacafyvhevmsz47ho4rsm5a-x66skzaqkope7ckfcfncyssu3i.datawarehouse.fabric.microsoft.com","artifactId":"[parameters('NYC_Project_Warehouse')]","workspaceId":"6425bdbf-5310-4f9e-8945-115a2c4a54da"}}}},{"name":"v_end_date","type":"SetVariable","dependsOn":[{"activity":"Copy nyctaxi_yellow","dependencyConditions":["Succeeded"]}],"policy":{"secureOutput":false,"secureInput":false},"typeProperties":{"variableName":"v_end_date","value":{"value":"@addToTime(concat(variables('va_date'), '-01'), 1 ,'Year' )","type":"Expression"}}},{"name":"log_metadata_table","type":"SqlServerStoredProcedure","dependsOn":[{"activity":"delete_outlier_dates","dependencyConditions":["Succeeded"]}],"policy":{"timeout":"0.12:00:00","retry":0,"retryIntervalInSeconds":30,"secureOutput":false,"secureInput":false},"typeProperties":{"storedProcedureName":"[[metadata].[create_metadata_log_table]","storedProcedureParameters":{"pipeline_id":{"value":{"value":"@pipeline().RunId","type":"Expression"},"type":"String"},"processed_date":{"value":{"value":"@pipeline().TriggerTime","type":"Expression"},"type":"DateTime"},"table_name":{"value":"nyctaxi_yellow","type":"String"}}},"linkedService":{"name":"NYC_Project_Warehouse","properties":{"annotations":[],"type":"DataWarehouse","typeProperties":{"endpoint":"ebsoacafyvhevmsz47ho4rsm5a-x66skzaqkope7ckfcfncyssu3i.datawarehouse.fabric.microsoft.com","artifactId":"[parameters('NYC_Project_Warehouse')]","workspaceId":"6425bdbf-5310-4f9e-8945-115a2c4a54da"}}}},{"name":"Load_next_month","type":"Script","dependsOn":[],"policy":{"timeout":"0.12:00:00","retry":0,"retryIntervalInSeconds":30,"secureOutput":false,"secureInput":false},"linkedService":{"name":"NYC_Project_Warehouse","properties":{"annotations":[],"type":"DataWarehouse","typeProperties":{"endpoint":"ebsoacafyvhevmsz47ho4rsm5a-x66skzaqkope7ckfcfncyssu3i.datawarehouse.fabric.microsoft.com","artifactId":"[parameters('NYC_Project_Warehouse')]","workspaceId":"6425bdbf-5310-4f9e-8945-115a2c4a54da"}}},"typeProperties":{"scripts":[{"type":"Query","text":{"value":"select top 1 latest_processed_pickup as latest_processed_date\nfrom metadata.processing_log\nwhere table_processed = 'nyctaxi_yellow'\norder by latest_processed_pickup desc; ","type":"Expression"}}],"scriptBlockExecutionTimeout":"02:00:00"}},{"name":"va_date","type":"SetVariable","dependsOn":[{"activity":"Load_next_month","dependencyConditions":["Succeeded"]}],"policy":{"secureOutput":false,"secureInput":false},"typeProperties":{"variableName":"va_date","value":{"value":"@formatDateTime(addToTime(activity('Load_next_month').output.resultSets[0].rows[0].latest_processed_date, 1 , 'Month'), 'yyyy-MM')","type":"Expression"}}}],"variables":{"va_date":{"type":"String"},"v_end_date":{"type":"String"}},"lastModifiedByObjectId":"821220ee-4f8f-45e7-a08e-35177556f4e9","lastPublishTime":"2025-03-01T12:16:10Z"},"dependsOn":[]}]}