{"$schema":"http://schema.management.azure.com/schemas/2015-01-01/deploymentTemplate.json#","contentVersion":"1.0.0.0","parameters":{"NYC_Project":{"type":"string"},"NYC_Project_Warehouse":{"type":"string"}},"variables":{},"resources":[{"name":"copy_for_stagging_area","type":"pipelines","apiVersion":"2018-06-01","properties":{"activities":[{"name":"Copy data1","type":"Copy","dependsOn":[],"policy":{"timeout":"0.12:00:00","retry":0,"retryIntervalInSeconds":30,"secureOutput":false,"secureInput":false},"typeProperties":{"source":{"type":"DelimitedTextSource","storeSettings":{"type":"LakehouseReadSettings","recursive":true,"enablePartitionDiscovery":false},"formatSettings":{"type":"DelimitedTextReadSettings"},"datasetSettings":{"annotations":[],"linkedService":{"name":"NYC_Project","properties":{"annotations":[],"type":"Lakehouse","typeProperties":{"workspaceId":"6425bdbf-5310-4f9e-8945-115a2c4a54da","artifactId":"[parameters('NYC_Project')]","rootFolder":"Files"}}},"type":"DelimitedText","typeProperties":{"location":{"type":"LakehouseLocation","fileName":"taxi_zone_lookup.csv","folderPath":"nyc_taxi_zones"},"columnDelimiter":",","escapeChar":"\\","firstRowAsHeader":true,"quoteChar":"\""},"schema":[]}},"sink":{"type":"DataWarehouseSink","allowCopyCommand":true,"copyCommandSettings":{},"tableOption":"autoCreate","datasetSettings":{"annotations":[],"linkedService":{"name":"NYC_Project_Warehouse","properties":{"annotations":[],"type":"DataWarehouse","typeProperties":{"endpoint":"ebsoacafyvhevmsz47ho4rsm5a-x66skzaqkope7ckfcfncyssu3i.datawarehouse.fabric.microsoft.com","artifactId":"[parameters('NYC_Project_Warehouse')]","workspaceId":"6425bdbf-5310-4f9e-8945-115a2c4a54da"}}},"type":"DataWarehouseTable","schema":[],"typeProperties":{"schema":"stagging_schema","table":"taxi_zones_lookup"}}},"enableStaging":true,"translator":{"type":"TabularTranslator","typeConversion":true,"typeConversionSettings":{"allowDataTruncation":true,"treatBooleanAsNumber":false}}}}],"lastModifiedByObjectId":"821220ee-4f8f-45e7-a08e-35177556f4e9","lastPublishTime":"2025-02-24T20:02:03Z"},"dependsOn":[]}]}